dataset,band,arity,arity_tier,modality_mix,n_candidates,n_accepted,accept_rate,median_test_cardinality
magic,0.4,1,primary,numeric,8,8,1.0,792.0
magic,0.4,1,primary,categorical,8,6,0.75,676.0
magic,0.4,1,primary,mixed,8,8,1.0,768.0
magic,0.4,2,primary,numeric,8,8,1.0,755.0
magic,0.4,2,primary,categorical,0,0,,
magic,0.4,2,primary,mixed,8,8,1.0,754.0
magic,0.4,3,primary,numeric,8,8,1.0,760.0
magic,0.4,3,primary,categorical,0,0,,
magic,0.4,3,primary,mixed,0,0,,
magic,0.4,4,primary,numeric,8,8,1.0,762.0
magic,0.4,4,primary,categorical,0,0,,
magic,0.4,4,primary,mixed,0,0,,
magic,0.4,5,primary,numeric,8,8,1.0,754.0
magic,0.4,5,primary,categorical,0,0,,
magic,0.4,5,primary,mixed,0,0,,
magic,0.4,6,primary,numeric,8,8,1.0,772.0
magic,0.4,6,primary,categorical,0,0,,
magic,0.4,6,primary,mixed,0,0,,
magic,0.4,7,extension,numeric,8,8,1.0,756.0
magic,0.4,7,extension,categorical,0,0,,
magic,0.4,7,extension,mixed,0,0,,
magic,0.4,8,extension,numeric,8,8,1.0,754.0
magic,0.4,8,extension,categorical,0,0,,
magic,0.4,8,extension,mixed,0,0,,
magic,0.4,9,extension,numeric,8,8,1.0,755.0
magic,0.4,9,extension,categorical,0,0,,
magic,0.4,9,extension,mixed,0,0,,
magic,0.4,10,extension,numeric,8,8,1.0,767.0
magic,0.4,10,extension,categorical,0,0,,
magic,0.4,10,extension,mixed,0,0,,
magic,0.25,1,primary,numeric,8,8,1.0,480.0
magic,0.25,1,primary,categorical,8,6,0.75,676.0
magic,0.25,1,primary,mixed,8,8,1.0,479.0
magic,0.25,2,primary,numeric,8,8,1.0,471.0
magic,0.25,2,primary,categorical,0,0,,
magic,0.25,2,primary,mixed,8,8,1.0,476.0
magic,0.25,3,primary,numeric,8,8,1.0,472.0
magic,0.25,3,primary,categorical,0,0,,
magic,0.25,3,primary,mixed,0,0,,
magic,0.25,4,primary,numeric,8,8,1.0,469.0
magic,0.25,4,primary,categorical,0,0,,
magic,0.25,4,primary,mixed,0,0,,
magic,0.25,5,primary,numeric,8,8,1.0,472.0
magic,0.25,5,primary,categorical,0,0,,
magic,0.25,5,primary,mixed,0,0,,
magic,0.25,6,primary,numeric,8,8,1.0,477.0
magic,0.25,6,primary,categorical,0,0,,
magic,0.25,6,primary,mixed,0,0,,
magic,0.25,7,extension,numeric,8,8,1.0,476.0
magic,0.25,7,extension,categorical,0,0,,
magic,0.25,7,extension,mixed,0,0,,
magic,0.25,8,extension,numeric,8,8,1.0,470.0
magic,0.25,8,extension,categorical,0,0,,
magic,0.25,8,extension,mixed,0,0,,
magic,0.25,9,extension,numeric,8,8,1.0,462.0
magic,0.25,9,extension,categorical,0,0,,
magic,0.25,9,extension,mixed,0,0,,
magic,0.25,10,extension,numeric,8,8,1.0,481.0
magic,0.25,10,extension,categorical,0,0,,
magic,0.25,10,extension,mixed,0,0,,
magic,0.1,1,primary,numeric,8,8,1.0,183.0
magic,0.1,1,primary,categorical,8,5,0.625,676.0
magic,0.1,1,primary,mixed,8,8,1.0,200.0
magic,0.1,2,primary,numeric,8,8,1.0,190.0
magic,0.1,2,primary,categorical,0,0,,
magic,0.1,2,primary,mixed,8,8,1.0,185.0
magic,0.1,3,primary,numeric,8,8,1.0,187.0
magic,0.1,3,primary,categorical,0,0,,
magic,0.1,3,primary,mixed,0,0,,
magic,0.1,4,primary,numeric,8,8,1.0,185.0
magic,0.1,4,primary,categorical,0,0,,
magic,0.1,4,primary,mixed,0,0,,
magic,0.1,5,primary,numeric,8,8,1.0,196.0
magic,0.1,5,primary,categorical,0,0,,
magic,0.1,5,primary,mixed,0,0,,
magic,0.1,6,primary,numeric,8,8,1.0,190.0
magic,0.1,6,primary,categorical,0,0,,
magic,0.1,6,primary,mixed,0,0,,
magic,0.1,7,extension,numeric,8,8,1.0,190.0
magic,0.1,7,extension,categorical,0,0,,
magic,0.1,7,extension,mixed,0,0,,
magic,0.1,8,extension,numeric,8,8,1.0,181.0
magic,0.1,8,extension,categorical,0,0,,
magic,0.1,8,extension,mixed,0,0,,
magic,0.1,9,extension,numeric,8,8,1.0,180.0
magic,0.1,9,extension,categorical,0,0,,
magic,0.1,9,extension,mixed,0,0,,
magic,0.1,10,extension,numeric,8,8,1.0,186.0
magic,0.1,10,extension,categorical,0,0,,
magic,0.1,10,extension,mixed,0,0,,
magic,0.05,1,primary,numeric,8,8,1.0,91.0
magic,0.05,1,primary,categorical,8,5,0.625,676.0
magic,0.05,1,primary,mixed,8,8,1.0,93.0
magic,0.05,2,primary,numeric,8,8,1.0,99.0
magic,0.05,2,primary,categorical,0,0,,
magic,0.05,2,primary,mixed,8,8,1.0,87.0
magic,0.05,3,primary,numeric,8,8,1.0,100.0
magic,0.05,3,primary,categorical,0,0,,
magic,0.05,3,primary,mixed,0,0,,
magic,0.05,4,primary,numeric,8,8,1.0,94.0
magic,0.05,4,primary,categorical,0,0,,
magic,0.05,4,primary,mixed,0,0,,
magic,0.05,5,primary,numeric,8,8,1.0,92.0
magic,0.05,5,primary,categorical,0,0,,
magic,0.05,5,primary,mixed,0,0,,
magic,0.05,6,primary,numeric,8,8,1.0,85.0
magic,0.05,6,primary,categorical,0,0,,
magic,0.05,6,primary,mixed,0,0,,
magic,0.05,7,extension,numeric,8,8,1.0,94.0
magic,0.05,7,extension,categorical,0,0,,
magic,0.05,7,extension,mixed,0,0,,
magic,0.05,8,extension,numeric,8,8,1.0,92.0
magic,0.05,8,extension,categorical,0,0,,
magic,0.05,8,extension,mixed,0,0,,
magic,0.05,9,extension,numeric,8,8,1.0,85.0
magic,0.05,9,extension,categorical,0,0,,
magic,0.05,9,extension,mixed,0,0,,
magic,0.05,10,extension,numeric,8,8,1.0,87.0
magic,0.05,10,extension,categorical,0,0,,
magic,0.05,10,extension,mixed,0,0,,
magic,0.02,1,primary,numeric,8,8,1.0,38.0
magic,0.02,1,primary,categorical,8,7,0.875,676.0
magic,0.02,1,primary,mixed,8,8,1.0,40.0
magic,0.02,2,primary,numeric,8,8,1.0,32.0
magic,0.02,2,primary,categorical,0,0,,
magic,0.02,2,primary,mixed,8,8,1.0,36.0
magic,0.02,3,primary,numeric,8,8,1.0,40.0
magic,0.02,3,primary,categorical,0,0,,
magic,0.02,3,primary,mixed,0,0,,
magic,0.02,4,primary,numeric,8,8,1.0,41.0
magic,0.02,4,primary,categorical,0,0,,
magic,0.02,4,primary,mixed,0,0,,
magic,0.02,5,primary,numeric,8,8,1.0,42.0
magic,0.02,5,primary,categorical,0,0,,
magic,0.02,5,primary,mixed,0,0,,
magic,0.02,6,primary,numeric,8,8,1.0,36.0
magic,0.02,6,primary,categorical,0,0,,
magic,0.02,6,primary,mixed,0,0,,
magic,0.02,7,extension,numeric,8,8,1.0,39.0
magic,0.02,7,extension,categorical,0,0,,
magic,0.02,7,extension,mixed,0,0,,
magic,0.02,8,extension,numeric,8,8,1.0,36.0
magic,0.02,8,extension,categorical,0,0,,
magic,0.02,8,extension,mixed,0,0,,
magic,0.02,9,extension,numeric,8,8,1.0,36.0
magic,0.02,9,extension,categorical,0,0,,
magic,0.02,9,extension,mixed,0,0,,
magic,0.02,10,extension,numeric,8,8,1.0,34.0
magic,0.02,10,extension,categorical,0,0,,
magic,0.02,10,extension,mixed,0,0,,
magic,0.01,1,primary,numeric,8,8,1.0,22.0
magic,0.01,1,primary,categorical,8,6,0.75,676.0
magic,0.01,1,primary,mixed,8,8,1.0,20.0
magic,0.01,2,primary,numeric,8,8,1.0,21.0
magic,0.01,2,primary,categorical,0,0,,
magic,0.01,2,primary,mixed,8,8,1.0,15.0
magic,0.01,3,primary,numeric,8,8,1.0,18.0
magic,0.01,3,primary,categorical,0,0,,
magic,0.01,3,primary,mixed,0,0,,
magic,0.01,4,primary,numeric,8,8,1.0,22.0
magic,0.01,4,primary,categorical,0,0,,
magic,0.01,4,primary,mixed,0,0,,
magic,0.01,5,primary,numeric,8,8,1.0,19.0
magic,0.01,5,primary,categorical,0,0,,
magic,0.01,5,primary,mixed,0,0,,
magic,0.01,6,primary,numeric,8,8,1.0,20.0
magic,0.01,6,primary,categorical,0,0,,
magic,0.01,6,primary,mixed,0,0,,
magic,0.01,7,extension,numeric,8,8,1.0,20.0
magic,0.01,7,extension,categorical,0,0,,
magic,0.01,7,extension,mixed,0,0,,
magic,0.01,8,extension,numeric,8,8,1.0,19.0
magic,0.01,8,extension,categorical,0,0,,
magic,0.01,8,extension,mixed,0,0,,
magic,0.01,9,extension,numeric,8,8,1.0,19.0
magic,0.01,9,extension,categorical,0,0,,
magic,0.01,9,extension,mixed,0,0,,
magic,0.01,10,extension,numeric,8,8,1.0,19.0
magic,0.01,10,extension,categorical,0,0,,
magic,0.01,10,extension,mixed,0,0,,
magic,0.005,1,primary,numeric,8,8,1.0,9.0
magic,0.005,1,primary,categorical,8,5,0.625,676.0
magic,0.005,1,primary,mixed,8,8,1.0,7.0
magic,0.005,2,primary,numeric,8,8,1.0,6.0
magic,0.005,2,primary,categorical,0,0,,
magic,0.005,2,primary,mixed,8,8,1.0,9.0
magic,0.005,3,primary,numeric,8,8,1.0,10.0
magic,0.005,3,primary,categorical,0,0,,
magic,0.005,3,primary,mixed,0,0,,
magic,0.005,4,primary,numeric,8,8,1.0,9.0
magic,0.005,4,primary,categorical,0,0,,
magic,0.005,4,primary,mixed,0,0,,
magic,0.005,5,primary,numeric,8,8,1.0,10.0
magic,0.005,5,primary,categorical,0,0,,
magic,0.005,5,primary,mixed,0,0,,
magic,0.005,6,primary,numeric,8,8,1.0,10.0
magic,0.005,6,primary,categorical,0,0,,
magic,0.005,6,primary,mixed,0,0,,
magic,0.005,7,extension,numeric,8,8,1.0,9.0
magic,0.005,7,extension,categorical,0,0,,
magic,0.005,7,extension,mixed,0,0,,
magic,0.005,8,extension,numeric,8,8,1.0,10.0
magic,0.005,8,extension,categorical,0,0,,
magic,0.005,8,extension,mixed,0,0,,
magic,0.005,9,extension,numeric,8,8,1.0,9.0
magic,0.005,9,extension,categorical,0,0,,
magic,0.005,9,extension,mixed,0,0,,
magic,0.005,10,extension,numeric,8,8,1.0,9.0
magic,0.005,10,extension,categorical,0,0,,
magic,0.005,10,extension,mixed,0,0,,
